Dataset / Thực thể,Phạm vi / Tệp tin,Nguồn gốc ban đầu (Origin),Số lượng bản ghi (Count),Dung lượng xấp xỉ,Trạng thái bản quyền (Rights Status),Quyền truy cập công khai (Public Access),Ghi chú pháp lý & xử lý
Series Master Metadata,all_data.json / series.json / series.csv,https://akaiwa.tv/ (rebrand từ aanime.tv),143 series (19 series lệch Số tập do cấu trúc mùa),3.7 MB,unknown,BLOCKED,"Metadata phim cào từ web; 123 series YouTube, 20 series lưu trữ/bên thứ ba; cần thẩm định"
Series Episodes,all_data.json / episodes.csv,https://akaiwa.tv/,2.528 tập phim (khớp hai chiều 100%),593.3 KB,unknown / restricted,BLOCKED,2.298 tập có YouTube ID (restricted - chỉ embed hợp lệ TOS); 230 tập archive/bên ngoài (chặn hoàn toàn)
Playlists & Videos,all_data.json / playlists.json / playlists.csv / playlist_videos.csv,https://akaiwa.tv/,"128 playlists (1.596 video entries, 1.277 video YouTube duy nhất)",1.1 MB,unknown,BLOCKED,Danh sách kênh và podcast luyện nghe tiếng Nhật trích xuất từ YouTube; giữ quyền unknown
Bilingual Subtitles (JSON),subtitles/**/*.json,https://akaiwa.tv/,1.502 tập (584.827 cues),1.4 GB,restricted,BLOCKED,Phụ đề song ngữ Nhật - Việt kèm token word_id; bản quyền lời thoại tiếng Nhật thuộc hãng phim
Subtitles (SRT & VTT),subtitles/**/*.srt | *.vtt,https://akaiwa.tv/,3.004 tệp (1.502 SRT + 1.502 VTT),175 MB,restricted,BLOCKED,Tệp phụ đề chuẩn phát media thời gian thực; nội dung văn bản bị hạn chế xuất bản công khai
Dictionary Shards,dictionary/shards/*.json,https://akaiwa.tv/,666 shards (39.516 words),80.8 MB,unknown,BLOCKED,"Từ điển phân mảnh theo word_id % 1000 (3 số); modulo 1000 khớp 100%, modulo 100 lệch 85,15%"
Dictionary Monolith,dictionary/dictionary_full.json / .csv,https://akaiwa.tv/,"39.516 mục từ (khớp hai chiều JSON ↔ CSV, khác 59.224 trong _meta)",132.5 MB,unknown,BLOCKED,"Dữ liệu tổng hợp từ điển gốc gồm Kanji, Romaji, Hán Việt; cấm nạp trực tiếp vào client browser"
Dictionary Word Index,dictionary/word-index.json,https://akaiwa.tv/,"59.225 khóa (59.224 ID duy nhất, 19.708 ID chưa có trong full)",1.76 MB,unknown,BLOCKED,Bảng băm từ vựng mặt chữ tiếng Nhật sang word_id phục vụ tra cứu ngược
Curriculum Sekai N5,curriculum.json / curriculum/sekai-n5/*.json,Sekai Gen (Tự biên soạn),"25 bài học (1.240 từ, 132 ngữ pháp)",250 KB,unknown,BLOCKED,Nội dung starter N5 tự soạn không sao chép sách 3A; chờ hội đồng pháp lý duyệt trước khi mở public
